-- phpMyAdmin SQL Dump
-- version 4.6.4deb1
-- https://www.phpmyadmin.net/
--
-- Host: localhost:3306
-- Generation Time: Jan 07, 2017 at 08:11 PM
-- Server version: 5.7.16-0ubuntu0.16.10.1
-- PHP Version: 7.0.13-0ubuntu0.16.10.1

SET SQL_MODE = "NO_AUTO_VALUE_ON_ZERO";
SET time_zone = "+00:00";


/*!40101 SET @OLD_CHARACTER_SET_CLIENT=@@CHARACTER_SET_CLIENT */;
/*!40101 SET @OLD_CHARACTER_SET_RESULTS=@@CHARACTER_SET_RESULTS */;
/*!40101 SET @OLD_COLLATION_CONNECTION=@@COLLATION_CONNECTION */;
/*!40101 SET NAMES utf8mb4 */;

--
-- Database: `beasiswa`
--
CREATE DATABASE IF NOT EXISTS `beasiswa` DEFAULT CHARACTER SET latin1 COLLATE latin1_swedish_ci;
USE `beasiswa`;

-- --------------------------------------------------------

--
-- Table structure for table `beasiswa`
--

CREATE TABLE `beasiswa` (
  `kd_beasiswa` int(11) NOT NULL,
  `nama` varchar(50) DEFAULT NULL
) ENGINE=InnoDB DEFAULT CHARSET=latin1;

--
-- Dumping data for table `beasiswa`
--

INSERT INTO `beasiswa` (`kd_beasiswa`, `nama`) VALUES
(1, 'Beasiswa PPA'),
(2, 'Bidikmisi'),
(3, 'Beasiswa BBM'),
(4, 'Beasiswa BNI'),
(5, 'Beasiswa Dikpora');

-- --------------------------------------------------------

--
-- Table structure for table `hasil`
--

CREATE TABLE `hasil` (
  `kd_hasil` int(11) NOT NULL,
  `nim` char(9) NOT NULL,
  `kd_beasiswa` int(11) NOT NULL,
  `nilai` decimal(3,0) DEFAULT NULL,
  `tahun` char(4) DEFAULT NULL
) ENGINE=InnoDB DEFAULT CHARSET=latin1;

-- --------------------------------------------------------

--
-- Table structure for table `kriteria`
--

CREATE TABLE `kriteria` (
  `kd_kriteria` int(11) NOT NULL,
  `nama` varchar(50) DEFAULT NULL,
  `sifat` enum('min','max') DEFAULT NULL
) ENGINE=InnoDB DEFAULT CHARSET=latin1;

--
-- Dumping data for table `kriteria`
--

INSERT INTO `kriteria` (`kd_kriteria`, `nama`, `sifat`) VALUES
(1, 'IPK', 'max'),
(2, 'Semester', 'max'),
(3, 'Penghasilan Orangtua', 'min'),
(4, 'Tanggungan Orangtua', 'max');

-- --------------------------------------------------------

--
-- Table structure for table `mahasiswa`
--

CREATE TABLE `mahasiswa` (
  `nim` char(9) NOT NULL,
  `nama` varchar(30) NOT NULL,
  `alamat` varchar(100) DEFAULT NULL,
  `jenis_kelamin` enum('Laki-laki','Perempuan') DEFAULT NULL,
  `tahun_mengajukan` char(4) NOT NULL
) ENGINE=InnoDB DEFAULT CHARSET=latin1;

--
-- Dumping data for table `mahasiswa`
--

INSERT INTO `mahasiswa` (`nim`, `nama`, `alamat`, `jenis_kelamin`, `tahun_mengajukan`) VALUES
('135610103', 'Imam Taufiq', 'jogja', 'Laki-laki', '2017'),
('135610104', 'Heni', 'palembang', 'Perempuan', '2017'),
('135610105', 'Fitri', 'medan', 'Perempuan', '2017');

-- --------------------------------------------------------

--
-- Table structure for table `model`
--

CREATE TABLE `model` (
  `kd_model` int(11) NOT NULL,
  `kd_beasiswa` int(11) NOT NULL,
  `kd_kriteria` int(11) NOT NULL,
  `bobot` varchar(5) DEFAULT NULL
) ENGINE=InnoDB DEFAULT CHARSET=latin1;

--
-- Dumping data for table `model`
--

INSERT INTO `model` (`kd_model`, `kd_beasiswa`, `kd_kriteria`, `bobot`) VALUES
(3, 1, 1, '0.40'),
(4, 1, 2, '0.30'),
(5, 1, 3, '0.30');

-- --------------------------------------------------------

--
-- Table structure for table `nilai`
--

CREATE TABLE `nilai` (
  `kd_nilai` int(11) NOT NULL,
  `kd_beasiswa` int(11) DEFAULT NULL,
  `kd_kriteria` int(11) NOT NULL,
  `nim` char(9) NOT NULL,
  `nilai` float DEFAULT NULL
) ENGINE=InnoDB DEFAULT CHARSET=latin1;

--
-- Dumping data for table `nilai`
--

INSERT INTO `nilai` (`kd_nilai`, `kd_beasiswa`, `kd_kriteria`, `nim`, `nilai`) VALUES
(6, 1, 1, '135610103', 2),
(7, 1, 2, '135610103', 2),
(8, 1, 3, '135610103', 2),
(9, 1, 1, '135610104', 4),
(10, 1, 2, '135610104', 4),
(11, 1, 3, '135610104', 4),
(12, 1, 1, '135610105', 6),
(13, 1, 2, '135610105', 6),
(14, 1, 3, '135610105', 6);

-- --------------------------------------------------------

--
-- Table structure for table `pengguna`
--

CREATE TABLE `pengguna` (
  `kd_pengguna` int(11) NOT NULL,
  `username` varchar(30) NOT NULL,
  `password` varchar(60) NOT NULL,
  `status` enum('petugas','puket','mahasiswa') DEFAULT NULL
) ENGINE=InnoDB DEFAULT CHARSET=latin1;

--
-- Dumping data for table `pengguna`
--

INSERT INTO `pengguna` (`kd_pengguna`, `username`, `password`, `status`) VALUES
(1, 'petugas', 'afb91ef692fd08c445e8cb1bab2ccf9c', 'petugas'),
(2, 'puket', 'b679a71646e932b7c4647a081ee2a148', 'puket');

-- --------------------------------------------------------

--
-- Table structure for table `penilaian`
--

CREATE TABLE `penilaian` (
  `kd_penilaian` int(11) NOT NULL,
  `kd_beasiswa` int(11) DEFAULT NULL,
  `kd_kriteria` int(11) NOT NULL,
  `keterangan` varchar(20) NOT NULL,
  `bobot` tinyint(1) DEFAULT NULL
) ENGINE=InnoDB DEFAULT CHARSET=latin1;

--
-- Dumping data for table `penilaian`
--

INSERT INTO `penilaian` (`kd_penilaian`, `kd_beasiswa`, `kd_kriteria`, `keterangan`, `bobot`) VALUES
(1, 1, 1, '3.00 - 3.20', 2),
(4, 1, 1, '3.21 - 3.40', 4),
(5, 1, 1, '3.41 - 3.60', 6),
(6, 1, 1, '>= 3.61', 8),
(7, 1, 2, '2 - 3', 2),
(8, 1, 2, '4 - 5', 4),
(9, 1, 2, '6 - 7', 6),
(10, 1, 2, '8', 8),
(11, 1, 3, '<= 500000', 2),
(12, 1, 3, '600000 - 1500000', 4),
(13, 1, 3, '1600000 - 2500000', 6),
(14, 1, 3, '>= 26000000', 8);

--
-- Indexes for dumped tables
--

--
-- Indexes for table `beasiswa`
--
ALTER TABLE `beasiswa`
  ADD PRIMARY KEY (`kd_beasiswa`);

--
-- Indexes for table `hasil`
--
ALTER TABLE `hasil`
  ADD PRIMARY KEY (`kd_hasil`),
  ADD KEY `fk_mahasiswa` (`nim`),
  ADD KEY `fk_beasiswa` (`kd_beasiswa`);

--
-- Indexes for table `kriteria`
--
ALTER TABLE `kriteria`
  ADD PRIMARY KEY (`kd_kriteria`);

--
-- Indexes for table `mahasiswa`
--
ALTER TABLE `mahasiswa`
  ADD PRIMARY KEY (`nim`);

--
-- Indexes for table `model`
--
ALTER TABLE `model`
  ADD PRIMARY KEY (`kd_model`),
  ADD KEY `fk_kriteria` (`kd_kriteria`),
  ADD KEY `fk_beasiswa` (`kd_beasiswa`);

--
-- Indexes for table `nilai`
--
ALTER TABLE `nilai`
  ADD PRIMARY KEY (`kd_nilai`),
  ADD KEY `fk_kriteria` (`kd_kriteria`),
  ADD KEY `fk_mahasiswa` (`nim`),
  ADD KEY `fk_beasiswa` (`kd_beasiswa`);

--
-- Indexes for table `pengguna`
--
ALTER TABLE `pengguna`
  ADD PRIMARY KEY (`kd_pengguna`);

--
-- Indexes for table `penilaian`
--
ALTER TABLE `penilaian`
  ADD PRIMARY KEY (`kd_penilaian`),
  ADD KEY `fk_kriteria` (`kd_kriteria`),
  ADD KEY `fk_beasiswa` (`kd_beasiswa`);

--
-- AUTO_INCREMENT for dumped tables
--

--
-- AUTO_INCREMENT for table `beasiswa`
--
ALTER TABLE `beasiswa`
  MODIFY `kd_beasiswa` int(11) NOT NULL AUTO_INCREMENT, AUTO_INCREMENT=6;
--
-- AUTO_INCREMENT for table `hasil`
--
ALTER TABLE `hasil`
  MODIFY `kd_hasil` int(11) NOT NULL AUTO_INCREMENT;
--
-- AUTO_INCREMENT for table `kriteria`
--
ALTER TABLE `kriteria`
  MODIFY `kd_kriteria` int(11) NOT NULL AUTO_INCREMENT, AUTO_INCREMENT=5;
--
-- AUTO_INCREMENT for table `model`
--
ALTER TABLE `model`
  MODIFY `kd_model` int(11) NOT NULL AUTO_INCREMENT, AUTO_INCREMENT=6;
--
-- AUTO_INCREMENT for table `nilai`
--
ALTER TABLE `nilai`
  MODIFY `kd_nilai` int(11) NOT NULL AUTO_INCREMENT, AUTO_INCREMENT=15;
--
-- AUTO_INCREMENT for table `pengguna`
--
ALTER TABLE `pengguna`
  MODIFY `kd_pengguna` int(11) NOT NULL AUTO_INCREMENT, AUTO_INCREMENT=3;
--
-- AUTO_INCREMENT for table `penilaian`
--
ALTER TABLE `penilaian`
  MODIFY `kd_penilaian` int(11) NOT NULL AUTO_INCREMENT, AUTO_INCREMENT=15;
--
-- Constraints for dumped tables
--

--
-- Constraints for table `hasil`
--
ALTER TABLE `hasil`
  ADD CONSTRAINT `hasil_ibfk_1` FOREIGN KEY (`nim`) REFERENCES `mahasiswa` (`nim`) ON DELETE CASCADE ON UPDATE CASCADE,
  ADD CONSTRAINT `hasil_ibfk_2` FOREIGN KEY (`kd_beasiswa`) REFERENCES `beasiswa` (`kd_beasiswa`) ON DELETE CASCADE ON UPDATE CASCADE;

--
-- Constraints for table `model`
--
ALTER TABLE `model`
  ADD CONSTRAINT `model_ibfk_1` FOREIGN KEY (`kd_kriteria`) REFERENCES `kriteria` (`kd_kriteria`) ON DELETE CASCADE ON UPDATE CASCADE,
  ADD CONSTRAINT `model_ibfk_2` FOREIGN KEY (`kd_beasiswa`) REFERENCES `beasiswa` (`kd_beasiswa`) ON DELETE CASCADE ON UPDATE CASCADE;

--
-- Constraints for table `nilai`
--
ALTER TABLE `nilai`
  ADD CONSTRAINT `nilai_ibfk_1` FOREIGN KEY (`kd_kriteria`) REFERENCES `kriteria` (`kd_kriteria`) ON DELETE CASCADE ON UPDATE CASCADE,
  ADD CONSTRAINT `nilai_ibfk_2` FOREIGN KEY (`nim`) REFERENCES `mahasiswa` (`nim`) ON DELETE CASCADE ON UPDATE CASCADE,
  ADD CONSTRAINT `nilai_ibfk_3` FOREIGN KEY (`kd_beasiswa`) REFERENCES `beasiswa` (`kd_beasiswa`) ON DELETE CASCADE ON UPDATE CASCADE;

--
-- Constraints for table `penilaian`
--
ALTER TABLE `penilaian`
  ADD CONSTRAINT `penilaian_ibfk_1` FOREIGN KEY (`kd_kriteria`) REFERENCES `kriteria` (`kd_kriteria`) ON DELETE CASCADE ON UPDATE CASCADE,
  ADD CONSTRAINT `penilaian_ibfk_2` FOREIGN KEY (`kd_beasiswa`) REFERENCES `beasiswa` (`kd_beasiswa`) ON DELETE CASCADE ON UPDATE CASCADE;

/*!40101 SET CHARACTER_SET_CLIENT=@OLD_CHARACTER_SET_CLIENT */;
/*!40101 SET CHARACTER_SET_RESULTS=@OLD_CHARACTER_SET_RESULTS */;
/*!40101 SET COLLATION_CONNECTION=@OLD_COLLATION_CONNECTION */;
